{
  "Author": "oddree",
  "Name": "Equilibrium",
  "InternalName": "Equilibrium",
  "AssemblyVersion": "1.11.0.0",
  "Description": "This plugin will synchronize your Penumbra mods and current Glamourer state with other paired clients automatically.",
  "ApplicableVersion": "any",
  "RepoUrl": "",
  "Tags": [
    "customization"
  ],
  "DalamudApiLevel": 13,
  "LoadRequiredState": 0,
  "LoadSync": false,
  "CanUnloadAsync": false,
  "LoadPriority": 0,
  "IconUrl": "",
  "Punchline": "Let others see you as you see yourself.",
  "AcceptsFeedback": true
}